0.0005000000000000005186490690308, 5.85
0.0005000000000000005186490690308, 5.83
0.0005000000000000005186490690308, 6.11
0.0005000000000000005186490690308, 6.02
0.0005000000000000005186490690308, 6.08
0.0005000000000000005186490690308, 6.1
0.0005000000000000005186490690308, 6.05
0.0005000000000000005186490690308, 6
0.0005000000000000005186490690308, 5.96
0.0005000000000000005186490690308, 6.13
0.0005000000000000005186490690308, 6.08
0.0005000000000000005186490690308, 6.07
0.0005000000000000005186490690308, 5.97
0.0005000000000000005186490690308, 6.11
0.0005000000000000005186490690308, 6.13
0.0005000000000000005186490690308, 5.93
0.0005000000000000005186490690308, 6.08
0.0005000000000000005186490690308, 6.08
0.0005000000000000005186490690308, 6.06
0.0005000000000000005186490690308, 6.07
0.0005000000000000005186490690308, 5.94
0.0005000000000000005186490690308, 6.03
0.0005000000000000005186490690308, 5.89
0.0005000000000000005186490690308, 5.98
0.0005000000000000005186490690308, 6.07
0.0005000000000000005186490690308, 5.88
0.0005000000000000005186490690308, 6
0.0005000000000000005186490690308, 5.91
0.0005000000000000005186490690308, 6.08
0.0005000000000000005186490690308, 5.9
0.0005000000000000005186490690308, 5.89
0.0005000000000000005186490690308, 6.02
0.0005000000000000005186490690308, 5.97
0.0005000000000000005186490690308, 5.97
0.0005000000000000005186490690308, 6
0.0005000000000000005186490690308, 5.83
0.0005000000000000005186490690308, 5.87
0.0005000000000000005186490690308, 5.98
0.0005000000000000005186490690308, 5.81
0.0005000000000000005186490690308, 6.07
0.0005000000000000005186490690308, 6.14
0.0005000000000000005186490690308, 5.87
0.0005000000000000005186490690308, 6.04
0.0005000000000000005186490690308, 6.02
0.0005000000000000005186490690308, 6.06
0.0005000000000000005186490690308, 6.06
0.0005000000000000005186490690308, 6
0.0005000000000000005186490690308, 6.08
0.0005000000000000005186490690308, 5.94
0.0005000000000000005186490690308, 5.9
0.0005000000000000005186490690308, 5.97
0.0005000000000000005186490690308, 6.14
0.0005000000000000005186490690308, 6.07
0.0005000000000000005186490690308, 6.05
0.0005000000000000005186490690308, 6.07
0.0005000000000000005186490690308, 6.08
0.0005000000000000005186490690308, 5.92
0.0005000000000000005186490690308, 6.03
0.0005000000000000005186490690308, 6.09
0.0005000000000000005186490690308, 6.07
0.0005000000000000005186490690308, 5.93
0.0005000000000000005186490690308, 6.06
0.0005000000000000005186490690308, 5.93
0.0005000000000000005186490690308, 6.04
0.0005000000000000005186490690308, 5.92
0.0005000000000000005186490690308, 6.1
0.0005000000000000005186490690308, 6
0.0005000000000000005186490690308, 6.02
0.0005000000000000005186490690308, 6.05
0.0005000000000000005186490690308, 6
0.0005000000000000005186490690308, 5.96
0.0005000000000000005186490690308, 6.12
0.0005000000000000005186490690308, 6.11
0.0005000000000000005186490690308, 6
0.0005000000000000005186490690308, 6.05
0.0005000000000000005186490690308, 5.97
0.0005000000000000005186490690308, 5.91
0.0005000000000000005186490690308, 5.97
0.0005000000000000005186490690308, 6.25
0.0005000000000000005186490690308, 6.08
0.0005000000000000005186490690308, 6.13
0.0005000000000000005186490690308, 5.77
0.0005000000000000005186490690308, 5.94
0.0005000000000000005186490690308, 5.84
0.0005000000000000005186490690308, 6.14
0.0005000000000000005186490690308, 5.9
0.0005000000000000005186490690308, 6.06
0.0005000000000000005186490690308, 5.87
0.0005000000000000005186490690308, 5.96
0.0005000000000000005186490690308, 5.96
0.0005000000000000005186490690308, 5.86
0.0005000000000000005186490690308, 5.88
0.0005000000000000005186490690308, 5.84
0.0005000000000000005186490690308, 6.07
0.0005000000000000005186490690308, 6.01
0.0005000000000000005186490690308, 6.05
0.0005000000000000005186490690308, 6.05
0.0005000000000000005186490690308, 6.04
0.0005000000000000005186490690308, 6.07
0.0005000000000000005186490690308, 6.03
0.0005000000000000005186490690308, 6.11
0.0005000000000000005186490690308, 5.92
0.0005000000000000005186490690308, 6.17
0.0005000000000000005186490690308, 5.92
0.0005000000000000005186490690308, 5.97
0.0005000000000000005186490690308, 5.97
0.0005000000000000005186490690308, 6.05
0.0005000000000000005186490690308, 5.96
0.0005000000000000005186490690308, 5.92
0.0005000000000000005186490690308, 6.03
0.0005000000000000005186490690308, 6.08
0.0005000000000000005186490690308, 5.97
0.0005000000000000005186490690308, 6.06
0.0005000000000000005186490690308, 5.96
0.0005000000000000005186490690308, 5.91
0.0005000000000000005186490690308, 6.05
0.0005000000000000005186490690308, 5.9
0.0005000000000000005186490690308, 5.9
0.0005000000000000005186490690308, 5.77
0.0005000000000000005186490690308, 6
0.0005000000000000005186490690308, 5.91
0.0005000000000000005186490690308, 5.85
0.0005000000000000005186490690308, 5.87
0.0005000000000000005186490690308, 6.08
0.0005000000000000005186490690308, 6.04
0.0005000000000000005186490690308, 5.99
0.0005000000000000005186490690308, 6.05
0.0005000000000000005186490690308, 5.93
0.0005000000000000005186490690308, 6.05
0.0005000000000000005186490690308, 5.91
0.0005000000000000005186490690308, 6
0.0005000000000000005186490690308, 5.9
0.0005000000000000005186490690308, 5.97
0.0005000000000000005186490690308, 6.07
0.0005000000000000005186490690308, 5.99
0.0005000000000000005186490690308, 5.97
0.0005000000000000005186490690308, 6.12
0.0005000000000000005186490690308, 5.88
0.0005000000000000005186490690308, 5.76
0.0005000000000000005186490690308, 6.03
0.0005000000000000005186490690308, 6.06
0.0005000000000000005186490690308, 5.96
0.0005000000000000005186490690308, 6.06
0.0005000000000000005186490690308, 5.94
0.0005000000000000005186490690308, 5.89
0.0005000000000000005186490690308, 6
0.0005000000000000005186490690308, 5.91
0.0005000000000000005186490690308, 6
0.0005000000000000005186490690308, 5.91
0.0005000000000000005186490690308, 6
0.0005000000000000005186490690308, 6.14
0.0005000000000000005186490690308, 5.93
0.0005000000000000005186490690308, 6.13
0.0005000000000000005186490690308, 5.84
0.0005000000000000005186490690308, 5.99
0.0005000000000000005186490690308, 6.16
0.0005000000000000005186490690308, 5.91
0.0005000000000000005186490690308, 6.08
0.0005000000000000005186490690308, 6.1
0.0005000000000000005186490690308, 5.99
0.0005000000000000005186490690308, 5.9
0.0005000000000000005186490690308, 6.04
0.0005000000000000005186490690308, 6.02
0.0005000000000000005186490690308, 5.85
0.0005000000000000005186490690308, 6.12
0.0005000000000000005186490690308, 6
0.0005000000000000005186490690308, 5.96
0.0005000000000000005186490690308, 6.08
0.0005000000000000005186490690308, 6.04
0.0005000000000000005186490690308, 6.02
0.0005000000000000005186490690308, 5.94
0.0005000000000000005186490690308, 5.99
0.0005000000000000005186490690308, 6.02
0.0005000000000000005186490690308, 5.99
0.0005000000000000005186490690308, 6.03
0.0005000000000000005186490690308, 6.09
0.0005000000000000005186490690308, 6.06
0.0005000000000000005186490690308, 6.04
0.0005000000000000005186490690308, 5.96
0.0005000000000000005186490690308, 6.07
0.0005000000000000005186490690308, 5.97
0.0005000000000000005186490690308, 5.93
0.0005000000000000005186490690308, 5.75
0.0005000000000000005186490690308, 6.15
0.0005000000000000005186490690308, 6.16
0.0005000000000000005186490690308, 6.03
0.0005000000000000005186490690308, 5.93
0.0005000000000000005186490690308, 5.87
0.0005000000000000005186490690308, 5.85
0.0005000000000000005186490690308, 6.06
0.0005000000000000005186490690308, 6.05
0.0005000000000000005186490690308, 6.04
0.0005000000000000005186490690308, 5.92
0.0005000000000000005186490690308, 5.8
0.0005000000000000005186490690308, 6.12
0.0005000000000000005186490690308, 5.96
0.0005000000000000005186490690308, 6.1
0.0005000000000000005186490690308, 6
0.0005000000000000005186490690308, 5.96
0.0005000000000000005186490690308, 5.96
0.0005000000000000005186490690308, 5.87
0.0005000000000000005186490690308, 6.03
0.0005000000000000005186490690308, 6.06
0.0005000000000000005186490690308, 6.05
0.0005000000000000005186490690308, 5.86
0.0005000000000000005186490690308, 5.99
0.0005000000000000005186490690308, 5.99
0.0005000000000000005186490690308, 5.9
0.0005000000000000005186490690308, 5.78
0.0005000000000000005186490690308, 6.03
0.0005000000000000005186490690308, 6.01
0.0005000000000000005186490690308, 6
0.0005000000000000005186490690308, 5.88
0.0005000000000000005186490690308, 5.87
0.0005000000000000005186490690308, 6.06
0.0005000000000000005186490690308, 6.04
0.0005000000000000005186490690308, 5.85
0.0005000000000000005186490690308, 6.07
0.0005000000000000005186490690308, 5.94
0.0005000000000000005186490690308, 5.94
0.0005000000000000005186490690308, 6
0.0005000000000000005186490690308, 6.05
0.0005000000000000005186490690308, 6.08
0.0005000000000000005186490690308, 5.92
0.0005000000000000005186490690308, 5.9
0.0005000000000000005186490690308, 6.12
0.0005000000000000005186490690308, 5.95
0.0005000000000000005186490690308, 6.03
0.0005000000000000005186490690308, 5.9
0.0005000000000000005186490690308, 5.9
0.0005000000000000005186490690308, 6.11
0.0005000000000000005186490690308, 5.8
0.0005000000000000005186490690308, 6.06
0.0005000000000000005186490690308, 6.06
0.0005000000000000005186490690308, 6.07
0.0005000000000000005186490690308, 6.04
0.0005000000000000005186490690308, 5.97
0.0005000000000000005186490690308, 5.91
0.0005000000000000005186490690308, 6.2
0.0005000000000000005186490690308, 6.05
0.0005000000000000005186490690308, 6.01
0.0005000000000000005186490690308, 5.99
0.0005000000000000005186490690308, 6
0.0005000000000000005186490690308, 5.99
0.0005000000000000005186490690308, 6.06
0.0005000000000000005186490690308, 6.04
0.0005000000000000005186490690308, 6.06
0.0005000000000000005186490690308, 6.01
0.0005000000000000005186490690308, 6.1
0.0005000000000000005186490690308, 5.86
0.0005000000000000005186490690308, 5.98
0.0005000000000000005186490690308, 6.06
0.0005000000000000005186490690308, 6.15
0.0005000000000000005186490690308, 6.15
0.0005000000000000005186490690308, 5.94
0.0005000000000000005186490690308, 6.03
0.0005000000000000005186490690308, 5.76
0.0005000000000000005186490690308, 6.05
0.0005000000000000005186490690308, 6.01
0.0005000000000000005186490690308, 5.96
0.0005000000000000005186490690308, 6.01
0.0005000000000000005186490690308, 6.19
0.0005000000000000005186490690308, 5.98
0.0005000000000000005186490690308, 6.02
0.0005000000000000005186490690308, 5.97
0.0005000000000000005186490690308, 5.95
0.0005000000000000005186490690308, 6.09
0.0005000000000000005186490690308, 6.25
0.0005000000000000005186490690308, 5.95
0.0005000000000000005186490690308, 6.03
0.0005000000000000005186490690308, 6.17
0.0005000000000000005186490690308, 5.93
0.0005000000000000005186490690308, 6.02
0.0005000000000000005186490690308, 5.91
0.0005000000000000005186490690308, 5.91
0.0005000000000000005186490690308, 6.12
0.0005000000000000005186490690308, 6.06
0.0005000000000000005186490690308, 6.03
0.0005000000000000005186490690308, 5.97
0.0005000000000000005186490690308, 5.96
0.0005000000000000005186490690308, 5.96
0.0005000000000000005186490690308, 6.06
0.0005000000000000005186490690308, 6.08
0.0005000000000000005186490690308, 5.91
0.0005000000000000005186490690308, 6.1
0.0005000000000000005186490690308, 6.07
0.0005000000000000005186490690308, 5.97
0.0005000000000000005186490690308, 5.93
0.0005000000000000005186490690308, 6
0.0005000000000000005186490690308, 5.77
0.0005000000000000005186490690308, 5.82
0.0005000000000000005186490690308, 6.1
0.0005000000000000005186490690308, 6.12
0.0005000000000000005186490690308, 6.04
0.0005000000000000005186490690308, 6
0.0005000000000000005186490690308, 5.9
0.0005000000000000005186490690308, 6.05
0.0005000000000000005186490690308, 5.83
0.0005000000000000005186490690308, 5.99
0.0005000000000000005186490690308, 6.18
0.0005000000000000005186490690308, 6
0.0005000000000000005186490690308, 6.02
0.0005000000000000005186490690308, 6.09
0.0005000000000000005186490690308, 5.93
0.0005000000000000005186490690308, 5.84
0.0005000000000000005186490690308, 6.03
0.0005000000000000005186490690308, 6.02
0.0005000000000000005186490690308, 6.04
0.0005000000000000005186490690308, 6.01
0.0005000000000000005186490690308, 5.97
0.0005000000000000005186490690308, 5.93
0.0005000000000000005186490690308, 5.87
0.0005000000000000005186490690308, 5.94
0.0005000000000000005186490690308, 5.82
0.0005000000000000005186490690308, 6.06
0.0005000000000000005186490690308, 6.06
0.0005000000000000005186490690308, 6.08
0.0005000000000000005186490690308, 5.84
0.0005000000000000005186490690308, 6.2
0.0005000000000000005186490690308, 6.05
0.0005000000000000005186490690308, 6.09
0.0005000000000000005186490690308, 6.03
0.0005000000000000005186490690308, 6.1
0.0005000000000000005186490690308, 6.01
0.0005000000000000005186490690308, 6.08
0.0005000000000000005186490690308, 5.8
0.0005000000000000005186490690308, 6.06
0.0005000000000000005186490690308, 6.02
0.0005000000000000005186490690308, 6.02
0.0005000000000000005186490690308, 5.84
0.0005000000000000005186490690308, 5.91
0.0005000000000000005186490690308, 5.96
0.0005000000000000005186490690308, 6.02
0.0005000000000000005186490690308, 6.01
0.0005000000000000005186490690308, 5.97
0.0005000000000000005186490690308, 5.91
0.0005000000000000005186490690308, 5.85
0.0005000000000000005186490690308, 5.93
0.0005000000000000005186490690308, 5.92
0.0005000000000000005186490690308, 5.9
0.0005000000000000005186490690308, 6.01
0.0005000000000000005186490690308, 5.93
0.0005000000000000005186490690308, 5.9
0.0005000000000000005186490690308, 6.1
0.0005000000000000005186490690308, 6
0.0005000000000000005186490690308, 6.02
0.0005000000000000005186490690308, 5.9
0.0005000000000000005186490690308, 6.06
0.0005000000000000005186490690308, 6.13
0.0005000000000000005186490690308, 6.02
0.0005000000000000005186490690308, 5.85
0.0005000000000000005186490690308, 6.14
0.0005000000000000005186490690308, 5.94
0.0005000000000000005186490690308, 5.93
0.0005000000000000005186490690308, 6.05
0.0005000000000000005186490690308, 6.02
0.0005000000000000005186490690308, 5.99
0.0005000000000000005186490690308, 5.85
0.0005000000000000005186490690308, 5.86
0.0005000000000000005186490690308, 6.14
0.0005000000000000005186490690308, 6
0.0005000000000000005186490690308, 5.9
0.0005000000000000005186490690308, 6.08
0.0005000000000000005186490690308, 5.93
0.0005000000000000005186490690308, 5.91
0.0005000000000000005186490690308, 6.02
0.0005000000000000005186490690308, 6.14
0.0005000000000000005186490690308, 6.16
0.0005000000000000005186490690308, 5.99
0.0005000000000000005186490690308, 6.1
0.0005000000000000005186490690308, 6.03
0.0005000000000000005186490690308, 5.9
0.0005000000000000005186490690308, 5.97
0.0005000000000000005186490690308, 6.09
0.0005000000000000005186490690308, 6.04
0.0005000000000000005186490690308, 6.06
0.0005000000000000005186490690308, 6.22
0.0005000000000000005186490690308, 6.07
0.0005000000000000005186490690308, 5.9
0.0005000000000000005186490690308, 5.87
0.0005000000000000005186490690308, 5.9
0.0005000000000000005186490690308, 6.05
0.0005000000000000005186490690308, 6.13
0.0005000000000000005186490690308, 5.85
0.0005000000000000005186490690308, 6.15
0.0005000000000000005186490690308, 6.12
0.0005000000000000005186490690308, 6.29
0.0005000000000000005186490690308, 6.05
0.0005000000000000005186490690308, 5.93
0.0005000000000000005186490690308, 5.97
0.0005000000000000005186490690308, 6.24
0.0005000000000000005186490690308, 5.88
0.0005000000000000005186490690308, 6.07
0.0005000000000000005186490690308, 5.83
0.0005000000000000005186490690308, 5.92
0.0005000000000000005186490690308, 6.06
0.0005000000000000005186490690308, 5.91
0.0005000000000000005186490690308, 6.03
0.0005000000000000005186490690308, 6
0.0005000000000000005186490690308, 5.97
0.0005000000000000005186490690308, 6.2
0.0005000000000000005186490690308, 6.05
0.0005000000000000005186490690308, 5.92
0.0005000000000000005186490690308, 6.04
0.0005000000000000005186490690308, 5.97
0.0005000000000000005186490690308, 6.11
0.0005000000000000005186490690308, 6.2
0.0005000000000000005186490690308, 5.96
0.0005000000000000005186490690308, 6.01
0.0005000000000000005186490690308, 6.1
0.0005000000000000005186490690308, 6.14
0.0005000000000000005186490690308, 5.84
0.0005000000000000005186490690308, 5.97
0.0005000000000000005186490690308, 5.93
0.0005000000000000005186490690308, 5.97
0.0005000000000000005186490690308, 5.94
0.0005000000000000005186490690308, 6.16
0.0005000000000000005186490690308, 5.86
0.0005000000000000005186490690308, 6.01
0.0005000000000000005186490690308, 5.92
0.0005000000000000005186490690308, 5.94
0.0005000000000000005186490690308, 5.93
0.0005000000000000005186490690308, 5.95
0.0005000000000000005186490690308, 5.89
0.0005000000000000005186490690308, 6.11
0.0005000000000000005186490690308, 5.83
0.0005000000000000005186490690308, 5.93
0.0005000000000000005186490690308, 5.9
0.0005000000000000005186490690308, 5.94
0.0005000000000000005186490690308, 6.04
0.0005000000000000005186490690308, 6.03
0.0005000000000000005186490690308, 6.03
0.0005000000000000005186490690308, 5.98
0.0005000000000000005186490690308, 6.01
0.0005000000000000005186490690308, 6.06
0.0005000000000000005186490690308, 5.91
0.0005000000000000005186490690308, 6.07
0.0005000000000000005186490690308, 6.12
0.0005000000000000005186490690308, 5.94
0.0005000000000000005186490690308, 6.06
0.0005000000000000005186490690308, 6.01
0.0005000000000000005186490690308, 5.96
0.0005000000000000005186490690308, 6.06
0.0005000000000000005186490690308, 5.83
0.0005000000000000005186490690308, 5.94
0.0005000000000000005186490690308, 6.04
0.0005000000000000005186490690308, 5.97
0.0005000000000000005186490690308, 5.96
0.0005000000000000005186490690308, 6
0.0005000000000000005186490690308, 6.05
0.0005000000000000005186490690308, 6.15
0.0005000000000000005186490690308, 6.11
0.0005000000000000005186490690308, 6.06
0.0005000000000000005186490690308, 6.08
0.0005000000000000005186490690308, 5.97
0.0005000000000000005186490690308, 6.06
0.0005000000000000005186490690308, 6.05
0.0005000000000000005186490690308, 6.03
0.0005000000000000005186490690308, 5.94
0.0005000000000000005186490690308, 6.14
0.0005000000000000005186490690308, 5.95
0.0005000000000000005186490690308, 6.09
0.0005000000000000005186490690308, 5.96
0.0005000000000000005186490690308, 6.01
0.0005000000000000005186490690308, 6.1
0.0005000000000000005186490690308, 5.83
0.0005000000000000005186490690308, 5.98
0.0005000000000000005186490690308, 6.01
0.0005000000000000005186490690308, 6.07
0.0005000000000000005186490690308, 6.14
0.0005000000000000005186490690308, 6.03
0.0005000000000000005186490690308, 5.94
0.0005000000000000005186490690308, 6.1
0.0005000000000000005186490690308, 5.98
0.0005000000000000005186490690308, 6.04
0.0005000000000000005186490690308, 6.07
0.0005000000000000005186490690308, 6.17
0.0005000000000000005186490690308, 6.04
0.0005000000000000005186490690308, 6.12
0.0005000000000000005186490690308, 5.93
0.0005000000000000005186490690308, 6.06
0.0005000000000000005186490690308, 5.96
0.0005000000000000005186490690308, 6.05
0.0005000000000000005186490690308, 6.09
0.0005000000000000005186490690308, 6.09
0.0005000000000000005186490690308, 5.97
0.0005000000000000005186490690308, 6.09
0.0005000000000000005186490690308, 6.04
0.0005000000000000005186490690308, 6.12
0.0005000000000000005186490690308, 5.96
0.0005000000000000005186490690308, 6.1
0.0005000000000000005186490690308, 6.11
0.0005000000000000005186490690308, 6.09
0.0005000000000000005186490690308, 6
0.0005000000000000005186490690308, 5.84
0.0005000000000000005186490690308, 6.1
0.0005000000000000005186490690308, 6.02
0.0005000000000000005186490690308, 5.92
0.0005000000000000005186490690308, 5.97
0.0005000000000000005186490690308, 5.97
0.0005000000000000005186490690308, 6.03
0.0005000000000000005186490690308, 5.9
0.0005000000000000005186490690308, 6.03
0.0005000000000000005186490690308, 6.01
0.0005000000000000005186490690308, 5.89
0.0005000000000000005186490690308, 6.17
0.0005000000000000005186490690308, 6.15
0.0005000000000000005186490690308, 6.09
0.0005000000000000005186490690308, 6
0.0005000000000000005186490690308, 6.04
0.0005000000000000005186490690308, 6.02
0.0005000000000000005186490690308, 6
0.0005000000000000005186490690308, 5.97
0.0005000000000000005186490690308, 6
0.0005000000000000005186490690308, 6.03
0.0005000000000000005186490690308, 5.96
0.0005000000000000005186490690308, 6
0.0005000000000000005186490690308, 5.96
0.0005000000000000005186490690308, 5.96
0.0005000000000000005186490690308, 5.92
0.0005000000000000005186490690308, 6.06
0.0005000000000000005186490690308, 5.9
0.0005000000000000005186490690308, 6.15
0.0005000000000000005186490690308, 5.94
0.0005000000000000005186490690308, 6.01
0.0005000000000000005186490690308, 6.07
0.0005000000000000005186490690308, 5.91
0.0005000000000000005186490690308, 6.09
0.0005000000000000005186490690308, 6.14
0.0005000000000000005186490690308, 5.94
0.0005000000000000005186490690308, 6.02
0.0005000000000000005186490690308, 6.08
0.0005000000000000005186490690308, 5.93
0.0005000000000000005186490690308, 6.08
0.0005000000000000005186490690308, 6.14
0.0005000000000000005186490690308, 5.91
0.0005000000000000005186490690308, 6.16
0.0005000000000000005186490690308, 6.25
0.0005000000000000005186490690308, 6.07
0.0005000000000000005186490690308, 6.08
0.0005000000000000005186490690308, 6.01
0.0005000000000000005186490690308, 5.83
0.0005000000000000005186490690308, 5.91
0.0005000000000000005186490690308, 5.93
0.0005000000000000005186490690308, 6.08
0.0005000000000000005186490690308, 6.23
0.0005000000000000005186490690308, 5.9
0.0005000000000000005186490690308, 6.04
0.0005000000000000005186490690308, 6.14
0.0005000000000000005186490690308, 5.87
0.0005000000000000005186490690308, 5.85
0.0005000000000000005186490690308, 5.85
0.0005000000000000005186490690308, 6.09
0.0005000000000000005186490690308, 5.93
0.0005000000000000005186490690308, 6.14
0.0005000000000000005186490690308, 6.15
0.0005000000000000005186490690308, 6.04
0.0005000000000000005186490690308, 6.08
0.0005000000000000005186490690308, 5.77
0.0005000000000000005186490690308, 6.08
0.0005000000000000005186490690308, 6.1
0.0005000000000000005186490690308, 6.02
0.0005000000000000005186490690308, 6.04
0.0005000000000000005186490690308, 5.74
0.0005000000000000005186490690308, 5.91
0.0005000000000000005186490690308, 5.85
0.0005000000000000005186490690308, 5.89
0.0005000000000000005186490690308, 5.93
0.0005000000000000005186490690308, 6.06
0.0005000000000000005186490690308, 5.93
0.0005000000000000005186490690308, 6.01
0.0005000000000000005186490690308, 5.97
0.0005000000000000005186490690308, 6.01
0.0005000000000000005186490690308, 6.08
0.0005000000000000005186490690308, 6.05
0.0005000000000000005186490690308, 6.02
0.0005000000000000005186490690308, 5.98
0.0005000000000000005186490690308, 6.09
0.0005000000000000005186490690308, 6.02
0.0005000000000000005186490690308, 6.05
0.0005000000000000005186490690308, 6.03
0.0005000000000000005186490690308, 6
0.0005000000000000005186490690308, 6.06
0.0005000000000000005186490690308, 6
0.0005000000000000005186490690308, 6.07
0.0005000000000000005186490690308, 5.92
0.0005000000000000005186490690308, 5.98
0.0005000000000000005186490690308, 6.1
0.0005000000000000005186490690308, 6.03
0.0005000000000000005186490690308, 5.99
0.0005000000000000005186490690308, 6
0.0005000000000000005186490690308, 5.95
0.0005000000000000005186490690308, 5.88
0.0005000000000000005186490690308, 6.02
0.0005000000000000005186490690308, 5.96
0.0005000000000000005186490690308, 5.96
0.0005000000000000005186490690308, 6.13
0.0005000000000000005186490690308, 5.9
0.0005000000000000005186490690308, 6.05
0.0005000000000000005186490690308, 6.03
0.0005000000000000005186490690308, 5.9
0.0005000000000000005186490690308, 6.12
0.0005000000000000005186490690308, 5.92
0.0005000000000000005186490690308, 6
0.0005000000000000005186490690308, 5.97
0.0005000000000000005186490690308, 5.97
0.0005000000000000005186490690308, 5.99
0.0005000000000000005186490690308, 6.03
0.0005000000000000005186490690308, 6.04
0.0005000000000000005186490690308, 5.95
0.0005000000000000005186490690308, 5.99
0.0005000000000000005186490690308, 5.87
0.0005000000000000005186490690308, 6.05
0.0005000000000000005186490690308, 5.84
0.0005000000000000005186490690308, 5.93
0.0005000000000000005186490690308, 5.92
0.0005000000000000005186490690308, 5.9
0.0005000000000000005186490690308, 6.05
0.0005000000000000005186490690308, 5.96
0.0005000000000000005186490690308, 5.92
0.0005000000000000005186490690308, 5.86
0.0005000000000000005186490690308, 6.15
0.0005000000000000005186490690308, 5.91
0.0005000000000000005186490690308, 5.88
0.0005000000000000005186490690308, 6
0.0005000000000000005186490690308, 6.04
0.0005000000000000005186490690308, 6.14
0.0005000000000000005186490690308, 6.03
0.0005000000000000005186490690308, 6.05
0.0005000000000000005186490690308, 5.93
0.0005000000000000005186490690308, 6.2
0.0005000000000000005186490690308, 5.97
0.0005000000000000005186490690308, 6.1
0.0005000000000000005186490690308, 6.14
0.0005000000000000005186490690308, 6.02
0.0005000000000000005186490690308, 6.01
0.0005000000000000005186490690308, 5.97
0.0005000000000000005186490690308, 6.08
0.0005000000000000005186490690308, 6.15
0.0005000000000000005186490690308, 6.1
0.0005000000000000005186490690308, 6.08
0.0005000000000000005186490690308, 6.04
0.0005000000000000005186490690308, 5.93
0.0005000000000000005186490690308, 5.96
0.0005000000000000005186490690308, 6
0.0005000000000000005186490690308, 5.99
0.0005000000000000005186490690308, 5.87
0.0005000000000000005186490690308, 6.05
0.0005000000000000005186490690308, 5.96
0.0005000000000000005186490690308, 6.02
0.0005000000000000005186490690308, 5.99
0.0005000000000000005186490690308, 6.08
0.0005000000000000005186490690308, 5.97
0.0005000000000000005186490690308, 6.29
0.0005000000000000005186490690308, 5.94
0.0005000000000000005186490690308, 5.94
0.0005000000000000005186490690308, 6.02
0.0005000000000000005186490690308, 5.92
0.0005000000000000005186490690308, 6.13
0.0005000000000000005186490690308, 5.96
0.0005000000000000005186490690308, 6.05
0.0005000000000000005186490690308, 5.91
0.0005000000000000005186490690308, 5.97
0.0005000000000000005186490690308, 5.91
0.0005000000000000005186490690308, 5.94
0.0005000000000000005186490690308, 5.84
0.0005000000000000005186490690308, 5.9
0.0005000000000000005186490690308, 5.98
0.0005000000000000005186490690308, 6.05
0.0005000000000000005186490690308, 6.03
0.0005000000000000005186490690308, 5.8
0.0005000000000000005186490690308, 5.95
0.0005000000000000005186490690308, 6.03
0.0005000000000000005186490690308, 6.05
0.0005000000000000005186490690308, 5.83
0.0005000000000000005186490690308, 5.85
0.0005000000000000005186490690308, 5.88
0.0005000000000000005186490690308, 5.88
0.0005000000000000005186490690308, 6.16
0.0005000000000000005186490690308, 6.01
0.0005000000000000005186490690308, 6.06
0.0005000000000000005186490690308, 6.16
0.0005000000000000005186490690308, 5.99
0.0005000000000000005186490690308, 6.15
0.0005000000000000005186490690308, 5.97
0.0005000000000000005186490690308, 5.97
0.0005000000000000005186490690308, 6.16
0.0005000000000000005186490690308, 6.02
0.0005000000000000005186490690308, 6.01
0.0005000000000000005186490690308, 5.97
0.0005000000000000005186490690308, 5.96
0.0005000000000000005186490690308, 6.04
0.0005000000000000005186490690308, 6.02
0.0005000000000000005186490690308, 6.15
0.0005000000000000005186490690308, 5.83
0.0005000000000000005186490690308, 6.04
0.0005000000000000005186490690308, 6.03
0.0005000000000000005186490690308, 5.93
0.0005000000000000005186490690308, 5.99
0.0005000000000000005186490690308, 5.97
0.0005000000000000005186490690308, 6.05
0.0005000000000000005186490690308, 6.05
0.0005000000000000005186490690308, 5.97
0.0005000000000000005186490690308, 5.85
0.0005000000000000005186490690308, 6.11
0.0005000000000000005186490690308, 5.84
0.0005000000000000005186490690308, 6.04
0.0005000000000000005186490690308, 6.06
0.0005000000000000005186490690308, 6.02
0.0005000000000000005186490690308, 5.97
0.0005000000000000005186490690308, 5.92
0.0005000000000000005186490690308, 5.87
0.0005000000000000005186490690308, 6.08
0.0005000000000000005186490690308, 6.01
0.0005000000000000005186490690308, 6.04
0.0005000000000000005186490690308, 5.9
0.0005000000000000005186490690308, 5.94
0.0005000000000000005186490690308, 6.05
0.0005000000000000005186490690308, 6.07
0.0005000000000000005186490690308, 5.86
0.0005000000000000005186490690308, 6.06
0.0005000000000000005186490690308, 5.9
0.0005000000000000005186490690308, 5.9
0.0005000000000000005186490690308, 5.98
0.0005000000000000005186490690308, 5.94
0.0005000000000000005186490690308, 5.99
0.0005000000000000005186490690308, 5.97
0.0005000000000000005186490690308, 6.06
0.0005000000000000005186490690308, 6.04
0.0005000000000000005186490690308, 6.03
0.0005000000000000005186490690308, 6.11
0.0005000000000000005186490690308, 6.13
0.0005000000000000005186490690308, 5.91
0.0005000000000000005186490690308, 5.95
0.0005000000000000005186490690308, 6.03
0.0005000000000000005186490690308, 6.02
0.0005000000000000005186490690308, 6.14
0.0005000000000000005186490690308, 5.9
0.0005000000000000005186490690308, 6.06
0.0005000000000000005186490690308, 5.96
0.0005000000000000005186490690308, 6.07
0.0005000000000000005186490690308, 6.03
0.0005000000000000005186490690308, 6.01
0.0005000000000000005186490690308, 6.04
0.0005000000000000005186490690308, 6.12
0.0005000000000000005186490690308, 6.12
0.0005000000000000005186490690308, 5.83
0.0005000000000000005186490690308, 6.02
0.0005000000000000005186490690308, 5.97
0.0005000000000000005186490690308, 5.84
0.0005000000000000005186490690308, 6.07
0.0005000000000000005186490690308, 6.06
0.0005000000000000005186490690308, 6.01
0.0005000000000000005186490690308, 5.98
0.0005000000000000005186490690308, 6.07
0.0005000000000000005186490690308, 6.03
0.0005000000000000005186490690308, 5.85
0.0005000000000000005186490690308, 5.96
0.0005000000000000005186490690308, 6.07
0.0005000000000000005186490690308, 5.96
0.0005000000000000005186490690308, 6.14
0.0005000000000000005186490690308, 6.06
0.0005000000000000005186490690308, 5.99
0.0005000000000000005186490690308, 6.1
0.0005000000000000005186490690308, 6
0.0005000000000000005186490690308, 5.97
0.0005000000000000005186490690308, 5.97
0.0005000000000000005186490690308, 5.92
0.0005000000000000005186490690308, 6.06
0.0005000000000000005186490690308, 6.04
0.0005000000000000005186490690308, 5.86
0.0005000000000000005186490690308, 5.99
0.0005000000000000005186490690308, 5.85
0.0005000000000000005186490690308, 5.97
0.0005000000000000005186490690308, 5.96
0.0005000000000000005186490690308, 6
0.0005000000000000005186490690308, 6.01
0.0005000000000000005186490690308, 5.84
0.0005000000000000005186490690308, 5.91
0.0005000000000000005186490690308, 6.09
0.0005000000000000005186490690308, 6.05
0.0005000000000000005186490690308, 5.96
0.0005000000000000005186490690308, 6.05
0.0005000000000000005186490690308, 6.02
0.0005000000000000005186490690308, 6.01
0.0005000000000000005186490690308, 6.1
0.0005000000000000005186490690308, 6.02
0.0005000000000000005186490690308, 6.08
0.0005000000000000005186490690308, 6.01
0.0005000000000000005186490690308, 6.06
0.0005000000000000005186490690308, 6.05
0.0005000000000000005186490690308, 5.97
0.0005000000000000005186490690308, 6.11
0.0005000000000000005186490690308, 6.04
0.0005000000000000005186490690308, 5.92
0.0005000000000000005186490690308, 6
0.0005000000000000005186490690308, 6.06
0.0005000000000000005186490690308, 6.05
0.0005000000000000005186490690308, 5.91
0.0005000000000000005186490690308, 6
0.0005000000000000005186490690308, 5.8
0.0005000000000000005186490690308, 5.97
0.0005000000000000005186490690308, 6.12
0.0005000000000000005186490690308, 5.9
0.0005000000000000005186490690308, 5.89
0.0005000000000000005186490690308, 6.14
0.0005000000000000005186490690308, 6.13
0.0005000000000000005186490690308, 5.8
0.0005000000000000005186490690308, 5.9
0.0005000000000000005186490690308, 5.98
0.0005000000000000005186490690308, 5.9
0.0005000000000000005186490690308, 5.77
0.0005000000000000005186490690308, 5.92
0.0005000000000000005186490690308, 5.99
0.0005000000000000005186490690308, 5.97
0.0005000000000000005186490690308, 6.06
0.0005000000000000005186490690308, 5.96
0.0005000000000000005186490690308, 6.04
0.0005000000000000005186490690308, 5.95
0.0005000000000000005186490690308, 6.04
0.0005000000000000005186490690308, 6.11
0.0005000000000000005186490690308, 5.91
0.0005000000000000005186490690308, 5.94
0.0005000000000000005186490690308, 6.08
0.0005000000000000005186490690308, 6.14
0.0005000000000000005186490690308, 6.09
0.0005000000000000005186490690308, 5.94
0.0005000000000000005186490690308, 5.84
0.0005000000000000005186490690308, 5.98
0.0005000000000000005186490690308, 5.97
0.0005000000000000005186490690308, 5.97
0.0005000000000000005186490690308, 5.96
0.0005000000000000005186490690308, 5.98
0.0005000000000000005186490690308, 5.83
0.0005000000000000005186490690308, 5.87
0.0005000000000000005186490690308, 6.1
0.0005000000000000005186490690308, 6.09
0.0005000000000000005186490690308, 5.92
0.0005000000000000005186490690308, 5.8
0.0005000000000000005186490690308, 6.07
0.0005000000000000005186490690308, 5.93
0.0005000000000000005186490690308, 6.12
0.0005000000000000005186490690308, 6.01
0.0005000000000000005186490690308, 5.98
0.0005000000000000005186490690308, 5.94
0.0005000000000000005186490690308, 6.03
0.0005000000000000005186490690308, 6.12
0.0005000000000000005186490690308, 5.97
0.0005000000000000005186490690308, 5.94
0.0005000000000000005186490690308, 6.1
0.0005000000000000005186490690308, 6.04
0.0005000000000000005186490690308, 6.05
0.0005000000000000005186490690308, 5.99
0.0005000000000000005186490690308, 6.01
0.0005000000000000005186490690308, 6.03
0.0005000000000000005186490690308, 5.85
0.0005000000000000005186490690308, 5.85
0.0005000000000000005186490690308, 6.02
0.0005000000000000005186490690308, 5.85
0.0005000000000000005186490690308, 5.95
0.0005000000000000005186490690308, 6.01
0.0005000000000000005186490690308, 6.03
0.0005000000000000005186490690308, 5.93
0.0005000000000000005186490690308, 6.14
0.0005000000000000005186490690308, 6
0.0005000000000000005186490690308, 6.07
0.0005000000000000005186490690308, 6.07
0.0005000000000000005186490690308, 5.97
0.0005000000000000005186490690308, 5.91
0.0005000000000000005186490690308, 5.93
0.0005000000000000005186490690308, 6.1
0.0005000000000000005186490690308, 6.05
0.0005000000000000005186490690308, 5.96
0.0005000000000000005186490690308, 6.12
0.0005000000000000005186490690308, 5.85
0.0005000000000000005186490690308, 6.1
0.0005000000000000005186490690308, 5.99
0.0005000000000000005186490690308, 6.25
0.0005000000000000005186490690308, 6
0.0005000000000000005186490690308, 5.94
0.0005000000000000005186490690308, 5.88
0.0005000000000000005186490690308, 5.97
0.0005000000000000005186490690308, 6.15
0.0005000000000000005186490690308, 5.85
0.0005000000000000005186490690308, 6.07
0.0005000000000000005186490690308, 6.07
0.0005000000000000005186490690308, 6.06
0.0005000000000000005186490690308, 5.91
0.0005000000000000005186490690308, 6.18
0.0005000000000000005186490690308, 6.06
0.0005000000000000005186490690308, 6.02
0.0005000000000000005186490690308, 6.18
0.0005000000000000005186490690308, 5.97
0.0005000000000000005186490690308, 5.94
0.0005000000000000005186490690308, 5.94
0.0005000000000000005186490690308, 6.04
0.0005000000000000005186490690308, 6.06
0.0005000000000000005186490690308, 6.05
0.0005000000000000005186490690308, 5.9
0.0005000000000000005186490690308, 5.95
0.0005000000000000005186490690308, 6.06
0.0005000000000000005186490690308, 5.97
0.0005000000000000005186490690308, 6.16
0.0005000000000000005186490690308, 6.1
0.0005000000000000005186490690308, 5.91
0.0005000000000000005186490690308, 5.93
0.0005000000000000005186490690308, 6.02
0.0005000000000000005186490690308, 5.8
0.0005000000000000005186490690308, 6.09
0.0005000000000000005186490690308, 5.98
0.0005000000000000005186490690308, 6
0.0005000000000000005186490690308, 6.12
0.0005000000000000005186490690308, 6.05
0.0005000000000000005186490690308, 5.93
0.0005000000000000005186490690308, 5.96
0.0005000000000000005186490690308, 5.99
0.0005000000000000005186490690308, 6.06
0.0005000000000000005186490690308, 6.04
0.0005000000000000005186490690308, 5.83
0.0005000000000000005186490690308, 6.03
0.0005000000000000005186490690308, 5.95
0.0005000000000000005186490690308, 6
0.0005000000000000005186490690308, 5.91
0.0005000000000000005186490690308, 6.12
0.0005000000000000005186490690308, 6.02
0.0005000000000000005186490690308, 6
0.0005000000000000005186490690308, 6.02
0.0005000000000000005186490690308, 6
0.0005000000000000005186490690308, 6
0.0005000000000000005186490690308, 5.93
0.0005000000000000005186490690308, 6.06
0.0005000000000000005186490690308, 6.07
0.0005000000000000005186490690308, 5.93
0.0005000000000000005186490690308, 6.02
0.0005000000000000005186490690308, 6.03
0.0005000000000000005186490690308, 6.17
0.0005000000000000005186490690308, 6
0.0005000000000000005186490690308, 6.08
0.0005000000000000005186490690308, 6.05
0.0005000000000000005186490690308, 5.9
0.0005000000000000005186490690308, 5.84
0.0005000000000000005186490690308, 5.93
0.0005000000000000005186490690308, 5.89
0.0005000000000000005186490690308, 6.04
0.0005000000000000005186490690308, 6.07
0.0005000000000000005186490690308, 6.01
0.0005000000000000005186490690308, 5.89
0.0005000000000000005186490690308, 6.05
0.0005000000000000005186490690308, 6.05
0.0005000000000000005186490690308, 6.06
0.0005000000000000005186490690308, 6.05
0.0005000000000000005186490690308, 5.74
0.0005000000000000005186490690308, 6.03
0.0005000000000000005186490690308, 6.03
0.0005000000000000005186490690308, 6.1
0.0005000000000000005186490690308, 6.03
0.0005000000000000005186490690308, 5.94
0.0005000000000000005186490690308, 6.14
0.0005000000000000005186490690308, 5.96
0.0005000000000000005186490690308, 6.04
0.0005000000000000005186490690308, 6.1
0.0005000000000000005186490690308, 5.94
0.0005000000000000005186490690308, 6.08
0.0005000000000000005186490690308, 6.08
0.0005000000000000005186490690308, 6.02
0.0005000000000000005186490690308, 5.97
0.0005000000000000005186490690308, 6.1
0.0005000000000000005186490690308, 5.91
0.0005000000000000005186490690308, 6.04
0.0005000000000000005186490690308, 6
0.0005000000000000005186490690308, 6.15
0.0005000000000000005186490690308, 6.08
0.0005000000000000005186490690308, 5.88
0.0005000000000000005186490690308, 6.1
0.0005000000000000005186490690308, 6.05
0.0005000000000000005186490690308, 5.86
0.0005000000000000005186490690308, 5.87
0.0005000000000000005186490690308, 5.88
0.0005000000000000005186490690308, 5.96
0.0005000000000000005186490690308, 5.98
0.0005000000000000005186490690308, 6.02
0.0005000000000000005186490690308, 5.9
0.0005000000000000005186490690308, 5.9
0.0005000000000000005186490690308, 6
0.0005000000000000005186490690308, 5.94
0.0005000000000000005186490690308, 6.05
0.0005000000000000005186490690308, 6.06
0.0005000000000000005186490690308, 6
0.0005000000000000005186490690308, 5.98
0.0005000000000000005186490690308, 5.8
0.0005000000000000005186490690308, 6.16
0.0005000000000000005186490690308, 5.97
0.0005000000000000005186490690308, 5.84
0.0005000000000000005186490690308, 5.88
0.0005000000000000005186490690308, 6
0.0005000000000000005186490690308, 5.94
0.0005000000000000005186490690308, 6.15
0.0005000000000000005186490690308, 6.12
0.0005000000000000005186490690308, 5.87
0.0005000000000000005186490690308, 5.96
0.0005000000000000005186490690308, 6.03
0.0005000000000000005186490690308, 6.02
0.0005000000000000005186490690308, 6
0.0005000000000000005186490690308, 5.87
0.0005000000000000005186490690308, 5.9
0.0005000000000000005186490690308, 6.09
0.0005000000000000005186490690308, 6.08
0.0005000000000000005186490690308, 5.95
0.0005000000000000005186490690308, 6.03
0.0005000000000000005186490690308, 6.07
0.0005000000000000005186490690308, 5.97
0.0005000000000000005186490690308, 5.97
0.0005000000000000005186490690308, 5.97
0.0005000000000000005186490690308, 5.85
0.0005000000000000005186490690308, 5.92
0.0005000000000000005186490690308, 5.99
0.0005000000000000005186490690308, 6.14
0.0005000000000000005186490690308, 5.99
0.0005000000000000005186490690308, 6.12
0.0005000000000000005186490690308, 5.97
0.0005000000000000005186490690308, 6.04
0.0005000000000000005186490690308, 6.25
0.0005000000000000005186490690308, 6.07
0.0005000000000000005186490690308, 6.12
0.0005000000000000005186490690308, 6.17
0.0005000000000000005186490690308, 5.97
0.0005000000000000005186490690308, 6.1
0.0005000000000000005186490690308, 5.97
0.0005000000000000005186490690308, 6.04
0.0005000000000000005186490690308, 5.99
0.0005000000000000005186490690308, 5.96
0.0005000000000000005186490690308, 6.04
0.0005000000000000005186490690308, 6.03
0.0005000000000000005186490690308, 6.05
0.0005000000000000005186490690308, 6.02
0.0005000000000000005186490690308, 6.1
0.0005000000000000005186490690308, 6.07
0.0005000000000000005186490690308, 5.87
0.0005000000000000005186490690308, 5.93
0.0005000000000000005186490690308, 6.06
0.0005000000000000005186490690308, 6.07
0.0005000000000000005186490690308, 6.03
0.0005000000000000005186490690308, 5.9
0.0005000000000000005186490690308, 5.97
0.0005000000000000005186490690308, 6.06
0.0005000000000000005186490690308, 5.97
0.0005000000000000005186490690308, 6.08
0.0005000000000000005186490690308, 6.03
0.0005000000000000005186490690308, 5.92
0.0005000000000000005186490690308, 5.86
0.0005000000000000005186490690308, 6.06
0.0005000000000000005186490690308, 6.12
0.0005000000000000005186490690308, 5.95
0.0005000000000000005186490690308, 6.01
0.0005000000000000005186490690308, 6.05
0.0005000000000000005186490690308, 6.07
0.0005000000000000005186490690308, 6.06
0.0005000000000000005186490690308, 6.1
0.0005000000000000005186490690308, 6.03
0.0005000000000000005186490690308, 5.95
0.0005000000000000005186490690308, 5.98
0.0005000000000000005186490690308, 6.13
0.0005000000000000005186490690308, 5.91
0.0005000000000000005186490690308, 6.03
0.0005000000000000005186490690308, 6.02
0.0005000000000000005186490690308, 5.85
0.0005000000000000005186490690308, 6.11
0.0005000000000000005186490690308, 6.08
0.0005000000000000005186490690308, 6.04
0.0005000000000000005186490690308, 5.9
0.0005000000000000005186490690308, 5.98
0.0005000000000000005186490690308, 6.06
0.0005000000000000005186490690308, 5.91
0.0005000000000000005186490690308, 6.03
0.0005000000000000005186490690308, 5.99
0.0005000000000000005186490690308, 5.98
0.0005000000000000005186490690308, 5.88
0.0005000000000000005186490690308, 5.91
0.0005000000000000005186490690308, 5.83
0.0005000000000000005186490690308, 5.85
0.0005000000000000005186490690308, 6.01
0.0005000000000000005186490690308, 6.18
0.0005000000000000005186490690308, 5.94
0.0005000000000000005186490690308, 6
0.0005000000000000005186490690308, 5.94
0.0005000000000000005186490690308, 5.99
0.0005000000000000005186490690308, 6
0.0005000000000000005186490690308, 5.99
0.0005000000000000005186490690308, 6.14
0.0005000000000000005186490690308, 6.03
0.0005000000000000005186490690308, 6.03
0.0005000000000000005186490690308, 6.11
0.0005000000000000005186490690308, 5.97
0.0005000000000000005186490690308, 6.08
0.0005000000000000005186490690308, 5.8
0.0005000000000000005186490690308, 6.08
0.0005000000000000005186490690308, 5.9
0.0005000000000000005186490690308, 5.9
0.0005000000000000005186490690308, 6.08
0.0005000000000000005186490690308, 5.94
0.0005000000000000005186490690308, 6.02
0.0005000000000000005186490690308, 6.05
0.0005000000000000005186490690308, 6.1
0.0005000000000000005186490690308, 6.02
0.0005000000000000005186490690308, 5.98
0.0005000000000000005186490690308, 5.91
0.0005000000000000005186490690308, 6.02
0.0005000000000000005186490690308, 5.99
0.0005000000000000005186490690308, 5.9
0.0005000000000000005186490690308, 6.04
0.0005000000000000005186490690308, 6.1
0.0005000000000000005186490690308, 6.14
0.0005000000000000005186490690308, 5.97
0.0005000000000000005186490690308, 6.06
0.0005000000000000005186490690308, 5.84
0.0005000000000000005186490690308, 5.99
0.0005000000000000005186490690308, 6.04
0.0005000000000000005186490690308, 5.89
0.0005000000000000005186490690308, 6.14
0.0005000000000000005186490690308, 6.03
0.0005000000000000005186490690308, 6.02
0.0005000000000000005186490690308, 6.04
0.0005000000000000005186490690308, 6.07
0.0005000000000000005186490690308, 5.94
0.0005000000000000005186490690308, 5.98
0.0005000000000000005186490690308, 6.08
0.0005000000000000005186490690308, 6.05
0.0005000000000000005186490690308, 5.98
0.0005000000000000005186490690308, 6.05
0.0005000000000000005186490690308, 5.9
0.0005000000000000005186490690308, 6.03
0.0005000000000000005186490690308, 6.14
0.0005000000000000005186490690308, 6.18
0.0005000000000000005186490690308, 6.03
0.0005000000000000005186490690308, 6.05
0.0005000000000000005186490690308, 6.1
0.0005000000000000005186490690308, 5.94
0.0005000000000000005186490690308, 6.14
0.0005000000000000005186490690308, 6.17
0.0005000000000000005186490690308, 5.97
0.0005000000000000005186490690308, 6.13
0.0005000000000000005186490690308, 6.09
0.0005000000000000005186490690308, 5.96
0.0005000000000000005186490690308, 6.01
0.0005000000000000005186490690308, 6.09
0.0005000000000000005186490690308, 6.03
0.0005000000000000005186490690308, 5.99
0.0005000000000000005186490690308, 5.97
0.0005000000000000005186490690308, 6.18
0.0005000000000000005186490690308, 6.29
0.0005000000000000005186490690308, 6.05
0.0005000000000000005186490690308, 6.07
0.0005000000000000005186490690308, 6.1
0.0005000000000000005186490690308, 5.87
0.0005000000000000005186490690308, 6.13
0.0005000000000000005186490690308, 6.04
0.0005000000000000005186490690308, 6.02
0.0005000000000000005186490690308, 6.01
0.0005000000000000005186490690308, 5.98
0.0005000000000000005186490690308, 6.02
0.0005000000000000005186490690308, 5.9
0.0005000000000000005186490690308, 6.02
0.0005000000000000005186490690308, 6.05
0.0005000000000000005186490690308, 5.9
0.0005000000000000005186490690308, 5.94
0.0005000000000000005186490690308, 5.92
0.0005000000000000005186490690308, 6.04
0.0005000000000000005186490690308, 5.84
0.0005000000000000005186490690308, 5.95
0.0005000000000000005186490690308, 5.99
0.0005000000000000005186490690308, 5.99
0.0005000000000000005186490690308, 6.02
0.0005000000000000005186490690308, 5.84
0.0005000000000000005186490690308, 5.85
0.0005000000000000005186490690308, 5.99
0.0005000000000000005186490690308, 6.16
0.0005000000000000005186490690308, 6.2
0.0005000000000000005186490690308, 5.95
0.0005000000000000005186490690308, 6.17
0.0005000000000000005186490690308, 6.08
0.0005000000000000005186490690308, 5.94
0.0005000000000000005186490690308, 5.88
0.0005000000000000005186490690308, 5.98
0.0005000000000000005186490690308, 5.96
0.0005000000000000005186490690308, 6.15
0.0005000000000000005186490690308, 5.94
0.0005000000000000005186490690308, 6.05
0.0005000000000000005186490690308, 6.04
0.0005000000000000005186490690308, 5.97
0.0005000000000000005186490690308, 6.14
0.0005000000000000005186490690308, 5.96
0.0005000000000000005186490690308, 6.03
0.0005000000000000005186490690308, 6.05
0.0005000000000000005186490690308, 6.04
0.0005000000000000005186490690308, 6.02
0.0005000000000000005186490690308, 5.9
0.0005000000000000005186490690308, 6.05
0.0005000000000000005186490690308, 6
0.0005000000000000005186490690308, 6.08
0.0005000000000000005186490690308, 6.13
0.0005000000000000005186490690308, 5.88
0.0005000000000000005186490690308, 6.08
0.0005000000000000005186490690308, 6.06
0.0005000000000000005186490690308, 6.01
0.0005000000000000005186490690308, 5.9
0.0005000000000000005186490690308, 5.87
0.0005000000000000005186490690308, 5.98
0.0005000000000000005186490690308, 6.06
0.0005000000000000005186490690308, 6.04
0.0005000000000000005186490690308, 6.01
0.0005000000000000005186490690308, 5.98
0.0005000000000000005186490690308, 5.94
0.0005000000000000005186490690308, 6.08
0.0005000000000000005186490690308, 5.97
0.0005000000000000005186490690308, 5.88
0.0005000000000000005186490690308, 6.16
0.0005000000000000005186490690308, 6.06
0.0005000000000000005186490690308, 5.86
0.0005000000000000005186490690308, 5.8
0.0005000000000000005186490690308, 5.98
0.0005000000000000005186490690308, 6.11
0.0005000000000000005186490690308, 5.86
0.0005000000000000005186490690308, 5.94
0.0005000000000000005186490690308, 6.06
0.0005000000000000005186490690308, 6.02
0.0005000000000000005186490690308, 5.89
0.0005000000000000005186490690308, 5.99
0.0005000000000000005186490690308, 6.03
0.0005000000000000005186490690308, 5.89
0.0005000000000000005186490690308, 5.99
0.0005000000000000005186490690308, 6.05
0.0005000000000000005186490690308, 6.29
0.0005000000000000005186490690308, 6
0.0005000000000000005186490690308, 6.09
0.0005000000000000005186490690308, 6.06
0.0005000000000000005186490690308, 6.11
0.0005000000000000005186490690308, 6.23
0.0005000000000000005186490690308, 5.88
0.0005000000000000005186490690308, 5.8
0.0005000000000000005186490690308, 5.9
0.0005000000000000005186490690308, 6.09
0.0005000000000000005186490690308, 6.03
0.0005000000000000005186490690308, 6.05
0.0005000000000000005186490690308, 6.02
0.0005000000000000005186490690308, 5.99
0.0005000000000000005186490690308, 6.09
0.0005000000000000005186490690308, 5.99
0.0005000000000000005186490690308, 5.9
0.0005000000000000005186490690308, 5.96
0.0005000000000000005186490690308, 6.05
0.0005000000000000005186490690308, 6.04
0.0005000000000000005186490690308, 6.03
0.0005000000000000005186490690308, 6.01
0.0005000000000000005186490690308, 6.1
0.0005000000000000005186490690308, 6.05
0.0005000000000000005186490690308, 6.1
0.0005000000000000005186490690308, 6.04
0.0005000000000000005186490690308, 6
0.0005000000000000005186490690308, 6.04
0.0005000000000000005186490690308, 6.08
0.0005000000000000005186490690308, 5.95
0.0005000000000000005186490690308, 6.06
0.0005000000000000005186490690308, 6.01
0.0005000000000000005186490690308, 6
0.0005000000000000005186490690308, 5.99
0.0005000000000000005186490690308, 6.07
0.0005000000000000005186490690308, 5.97
0.0005000000000000005186490690308, 6.09
0.0005000000000000005186490690308, 5.98
0.0005000000000000005186490690308, 5.96
0.0005000000000000005186490690308, 6.17
0.0005000000000000005186490690308, 6.05
0.0005000000000000005186490690308, 6.07
0.0005000000000000005186490690308, 6.01
0.0005000000000000005186490690308, 6.06
0.0005000000000000005186490690308, 6.11
0.0005000000000000005186490690308, 6.07
0.0005000000000000005186490690308, 5.99
0.0005000000000000005186490690308, 5.97
0.0005000000000000005186490690308, 6.06
0.0005000000000000005186490690308, 5.9
0.0005000000000000005186490690308, 6.16
0.0005000000000000005186490690308, 5.96
0.0005000000000000005186490690308, 5.77
0.0005000000000000005186490690308, 6.1
0.0005000000000000005186490690308, 6.1
0.0005000000000000005186490690308, 6.08
0.0005000000000000005186490690308, 6.07
0.0005000000000000005186490690308, 6
0.0005000000000000005186490690308, 6.05
0.0005000000000000005186490690308, 6.08
0.0005000000000000005186490690308, 6.07
0.0005000000000000005186490690308, 6.14
0.0005000000000000005186490690308, 5.96
0.0005000000000000005186490690308, 5.97
0.0005000000000000005186490690308, 6.07
0.0005000000000000005186490690308, 6.01
0.0005000000000000005186490690308, 6.05
0.0005000000000000005186490690308, 6.03
0.0005000000000000005186490690308, 5.92
0.0005000000000000005186490690308, 5.92
0.0005000000000000005186490690308, 5.88
0.0005000000000000005186490690308, 6.04
0.0005000000000000005186490690308, 6.01
0.0005000000000000005186490690308, 5.98
0.0005000000000000005186490690308, 6.08
0.0005000000000000005186490690308, 6
0.0005000000000000005186490690308, 6.02
0.0005000000000000005186490690308, 6.14
0.0005000000000000005186490690308, 5.94
0.0005000000000000005186490690308, 6.06
0.0005000000000000005186490690308, 6.02
0.0005000000000000005186490690308, 5.87
0.0005000000000000005186490690308, 6.04
0.0005000000000000005186490690308, 5.93
0.0005000000000000005186490690308, 6.1
0.0005000000000000005186490690308, 6.01
0.0005000000000000005186490690308, 5.92
0.0005000000000000005186490690308, 5.97
0.0005000000000000005186490690308, 5.83
0.0005000000000000005186490690308, 5.98
0.0005000000000000005186490690308, 5.9
0.0005000000000000005186490690308, 5.99
0.0005000000000000005186490690308, 5.95
0.0005000000000000005186490690308, 5.83
0.0005000000000000005186490690308, 6.03
0.0005000000000000005186490690308, 5.74
0.0005000000000000005186490690308, 5.84
0.0005000000000000005186490690308, 5.94
0.0005000000000000005186490690308, 5.84
0.0005000000000000005186490690308, 6
0.0005000000000000005186490690308, 5.99
0.0005000000000000005186490690308, 5.9
0.0005000000000000005186490690308, 5.94
0.0005000000000000005186490690308, 6.08
0.0005000000000000005186490690308, 6.08
0.0005000000000000005186490690308, 5.94
0.0005000000000000005186490690308, 5.98
0.0005000000000000005186490690308, 5.98
0.0005000000000000005186490690308, 5.95
0.0005000000000000005186490690308, 5.96
0.0005000000000000005186490690308, 6.08
0.0005000000000000005186490690308, 6.01
0.0005000000000000005186490690308, 6.02
0.0005000000000000005186490690308, 5.92
0.0005000000000000005186490690308, 6.02
0.0005000000000000005186490690308, 5.84
0.0005000000000000005186490690308, 5.88
0.0005000000000000005186490690308, 6.02
0.0005000000000000005186490690308, 5.97
0.0005000000000000005186490690308, 6.03
0.0005000000000000005186490690308, 6.04
0.0005000000000000005186490690308, 5.81
0.0005000000000000005186490690308, 6.01
0.0005000000000000005186490690308, 6.04
0.0005000000000000005186490690308, 5.97
0.0005000000000000005186490690308, 6.02
0.0005000000000000005186490690308, 6
0.0005000000000000005186490690308, 6.07
0.0005000000000000005186490690308, 5.97
0.0005000000000000005186490690308, 6.03
0.0005000000000000005186490690308, 5.83
0.0005000000000000005186490690308, 5.93
0.0005000000000000005186490690308, 6.07
0.0005000000000000005186490690308, 6.01
0.0005000000000000005186490690308, 5.96
0.0005000000000000005186490690308, 5.93
0.0005000000000000005186490690308, 5.9
0.0005000000000000005186490690308, 6.17
0.0005000000000000005186490690308, 5.96
0.0005000000000000005186490690308, 5.95
0.0005000000000000005186490690308, 5.94
0.0005000000000000005186490690308, 5.8
0.0005000000000000005186490690308, 6.03
0.0005000000000000005186490690308, 6
0.0005000000000000005186490690308, 5.94
0.0005000000000000005186490690308, 6.1
0.0005000000000000005186490690308, 6.09
0.0005000000000000005186490690308, 5.96
0.0005000000000000005186490690308, 6.05
0.0005000000000000005186490690308, 5.95
0.0005000000000000005186490690308, 5.96
0.0005000000000000005186490690308, 5.8
0.0005000000000000005186490690308, 5.96
0.0005000000000000005186490690308, 6.12
0.0005000000000000005186490690308, 6.14
0.0005000000000000005186490690308, 5.85
0.0005000000000000005186490690308, 5.9
0.0005000000000000005186490690308, 5.93
0.0005000000000000005186490690308, 6.02
0.0005000000000000005186490690308, 6.01
0.0005000000000000005186490690308, 6.02
0.0005000000000000005186490690308, 6
0.0005000000000000005186490690308, 5.88
0.0005000000000000005186490690308, 5.93
0.0005000000000000005186490690308, 6.1
0.0005000000000000005186490690308, 6.05
0.0005000000000000005186490690308, 5.99
0.0005000000000000005186490690308, 5.93
0.0005000000000000005186490690308, 5.91
0.0005000000000000005186490690308, 6
0.0005000000000000005186490690308, 5.91
0.0005000000000000005186490690308, 6.11
0.0005000000000000005186490690308, 5.96
0.0005000000000000005186490690308, 6.04
0.0005000000000000005186490690308, 5.86
0.0005000000000000005186490690308, 6.01
0.0005000000000000005186490690308, 5.77
0.0005000000000000005186490690308, 5.86
0.0005000000000000005186490690308, 6.11
0.0005000000000000005186490690308, 5.99
0.0005000000000000005186490690308, 5.92
0.0005000000000000005186490690308, 5.91
0.0005000000000000005186490690308, 6.29
0.0005000000000000005186490690308, 6.01
0.0005000000000000005186490690308, 6.04
0.0005000000000000005186490690308, 6.01
0.0005000000000000005186490690308, 5.83
0.0005000000000000005186490690308, 6.06
0.0005000000000000005186490690308, 6.11
0.0005000000000000005186490690308, 6.1
0.0005000000000000005186490690308, 6.1
0.0005000000000000005186490690308, 6.05
0.0005000000000000005186490690308, 5.93
0.0005000000000000005186490690308, 6.05
0.0005000000000000005186490690308, 6.01
0.0005000000000000005186490690308, 6.15
0.0005000000000000005186490690308, 5.83
0.0005000000000000005186490690308, 6.02
0.0005000000000000005186490690308, 6.16
0.0005000000000000005186490690308, 6.03
0.0005000000000000005186490690308, 5.74
0.0005000000000000005186490690308, 5.96
0.0005000000000000005186490690308, 6.1
0.0005000000000000005186490690308, 6.03
0.0005000000000000005186490690308, 5.97
0.0005000000000000005186490690308, 5.91
0.0005000000000000005186490690308, 6.07
0.0005000000000000005186490690308, 5.83
0.0005000000000000005186490690308, 6.04
0.0005000000000000005186490690308, 6.04
0.0005000000000000005186490690308, 6.06
0.0005000000000000005186490690308, 5.96
0.0005000000000000005186490690308, 6.06
0.0005000000000000005186490690308, 5.96
0.0005000000000000005186490690308, 6.06
0.0005000000000000005186490690308, 6.08
0.0005000000000000005186490690308, 6.09
0.0005000000000000005186490690308, 6.07
0.0005000000000000005186490690308, 5.81
0.0005000000000000005186490690308, 5.83
0.0005000000000000005186490690308, 6.05
0.0005000000000000005186490690308, 5.84
0.0005000000000000005186490690308, 6.18
0.0005000000000000005186490690308, 6.08
0.0005000000000000005186490690308, 6
0.0005000000000000005186490690308, 6.14
0.0005000000000000005186490690308, 5.95
0.0005000000000000005186490690308, 5.96
0.0005000000000000005186490690308, 6.07
0.0005000000000000005186490690308, 6.04
0.0005000000000000005186490690308, 6.06
0.0005000000000000005186490690308, 5.97
0.0005000000000000005186490690308, 6.07
0.0005000000000000005186490690308, 6.04
0.0005000000000000005186490690308, 6.05
0.0005000000000000005186490690308, 6.19
0.0005000000000000005186490690308, 5.93
0.0005000000000000005186490690308, 6.07
0.0005000000000000005186490690308, 5.84
0.0005000000000000005186490690308, 5.92
0.0005000000000000005186490690308, 5.95
0.0005000000000000005186490690308, 5.91
0.0005000000000000005186490690308, 5.99
0.0005000000000000005186490690308, 5.98
0.0005000000000000005186490690308, 5.84
0.0005000000000000005186490690308, 6.03
0.0005000000000000005186490690308, 6.14
0.0005000000000000005186490690308, 6.01
0.0005000000000000005186490690308, 6.06
0.0005000000000000005186490690308, 6.07
0.0005000000000000005186490690308, 5.97
0.0005000000000000005186490690308, 5.95
0.0005000000000000005186490690308, 5.92
0.0005000000000000005186490690308, 6.07
0.0005000000000000005186490690308, 6.06
0.0005000000000000005186490690308, 6.03
0.0005000000000000005186490690308, 5.9
0.0005000000000000005186490690308, 6.05
0.0005000000000000005186490690308, 5.9
0.0005000000000000005186490690308, 6.06
0.0005000000000000005186490690308, 6
0.0005000000000000005186490690308, 5.99
0.0005000000000000005186490690308, 6.15
0.0005000000000000005186490690308, 6.06
0.0005000000000000005186490690308, 6.08
0.0005000000000000005186490690308, 5.74
0.0005000000000000005186490690308, 6.01
0.0005000000000000005186490690308, 5.93
0.0005000000000000005186490690308, 5.9
0.0005000000000000005186490690308, 6.29
0.0005000000000000005186490690308, 6.06
0.0005000000000000005186490690308, 5.96
0.0005000000000000005186490690308, 5.9
0.0005000000000000005186490690308, 6
0.0005000000000000005186490690308, 5.96
0.0005000000000000005186490690308, 5.94
0.0005000000000000005186490690308, 6.14
0.0005000000000000005186490690308, 6.1
0.0005000000000000005186490690308, 6.01
0.0005000000000000005186490690308, 5.94
0.0005000000000000005186490690308, 6.11
0.0005000000000000005186490690308, 6.1
0.0005000000000000005186490690308, 5.97
0.0005000000000000005186490690308, 6.06
0.0005000000000000005186490690308, 6.01
0.0005000000000000005186490690308, 6.3
0.0005000000000000005186490690308, 6.03
0.0005000000000000005186490690308, 5.96
0.0005000000000000005186490690308, 6.05
0.0005000000000000005186490690308, 6.06
0.0005000000000000005186490690308, 6
0.0005000000000000005186490690308, 6.08
0.0005000000000000005186490690308, 5.95
0.0005000000000000005186490690308, 5.88
0.0005000000000000005186490690308, 6.06
0.0005000000000000005186490690308, 6.03
0.0005000000000000005186490690308, 6.04
0.0005000000000000005186490690308, 6.05
0.0005000000000000005186490690308, 5.94
0.0005000000000000005186490690308, 6.07
0.0005000000000000005186490690308, 5.83
0.0005000000000000005186490690308, 6.07
0.0005000000000000005186490690308, 6.01
0.0005000000000000005186490690308, 5.91
0.0005000000000000005186490690308, 5.92
0.0005000000000000005186490690308, 6.04
0.0005000000000000005186490690308, 5.96
0.0005000000000000005186490690308, 5.85
0.0005000000000000005186490690308, 5.99
0.0005000000000000005186490690308, 6.16
0.0005000000000000005186490690308, 5.9
0.0005000000000000005186490690308, 5.93
0.0005000000000000005186490690308, 6.02
0.0005000000000000005186490690308, 5.77
0.0005000000000000005186490690308, 5.98
0.0005000000000000005186490690308, 6.03
0.0005000000000000005186490690308, 6.18
0.0005000000000000005186490690308, 6.01
0.0005000000000000005186490690308, 5.98
0.0005000000000000005186490690308, 5.98
0.0005000000000000005186490690308, 5.9
0.0005000000000000005186490690308, 6.14
0.0005000000000000005186490690308, 5.9
0.0005000000000000005186490690308, 6.06
0.0005000000000000005186490690308, 6.04
0.0005000000000000005186490690308, 6.08
0.0005000000000000005186490690308, 6.12
0.0005000000000000005186490690308, 6
0.0005000000000000005186490690308, 5.83
0.0005000000000000005186490690308, 6.05
0.0005000000000000005186490690308, 5.91
0.0005000000000000005186490690308, 6.01
0.0005000000000000005186490690308, 6
0.0005000000000000005186490690308, 6
0.0005000000000000005186490690308, 5.84
0.0005000000000000005186490690308, 6.08
0.0005000000000000005186490690308, 5.88
0.0005000000000000005186490690308, 5.92
0.0005000000000000005186490690308, 6.05
0.0005000000000000005186490690308, 6.05
0.0005000000000000005186490690308, 5.94
0.0005000000000000005186490690308, 6.04
0.0005000000000000005186490690308, 6.08
0.0005000000000000005186490690308, 6.06
0.0005000000000000005186490690308, 6.04
0.0005000000000000005186490690308, 6.05
0.0005000000000000005186490690308, 6.03
0.0005000000000000005186490690308, 6
0.0005000000000000005186490690308, 6.11
0.0005000000000000005186490690308, 5.99
0.0005000000000000005186490690308, 5.96
0.0005000000000000005186490690308, 6
0.0005000000000000005186490690308, 5.97
0.0005000000000000005186490690308, 6.08
0.0005000000000000005186490690308, 5.86
0.0005000000000000005186490690308, 6.04
0.0005000000000000005186490690308, 6.06
0.0005000000000000005186490690308, 6.1
0.0005000000000000005186490690308, 5.96
0.0005000000000000005186490690308, 5.93
0.0005000000000000005186490690308, 6.04
0.0005000000000000005186490690308, 5.83
0.0005000000000000005186490690308, 6.01
0.0005000000000000005186490690308, 6.03
0.0005000000000000005186490690308, 5.99
0.0005000000000000005186490690308, 6.07
0.0005000000000000005186490690308, 6.06
0.0005000000000000005186490690308, 5.9
0.0005000000000000005186490690308, 5.99
0.0005000000000000005186490690308, 5.99
0.0005000000000000005186490690308, 5.97
0.0005000000000000005186490690308, 6.13
0.0005000000000000005186490690308, 5.92
0.0005000000000000005186490690308, 6
0.0005000000000000005186490690308, 6.08
0.0005000000000000005186490690308, 6.14
0.0005000000000000005186490690308, 6.07
0.0005000000000000005186490690308, 5.95
0.0005000000000000005186490690308, 6.01
0.0005000000000000005186490690308, 5.9
0.0005000000000000005186490690308, 5.98
0.0005000000000000005186490690308, 5.87
0.0005000000000000005186490690308, 5.87
0.0005000000000000005186490690308, 6.1
0.0005000000000000005186490690308, 6.05
0.0005000000000000005186490690308, 5.83
0.0005000000000000005186490690308, 5.92
0.0005000000000000005186490690308, 6.04
0.0005000000000000005186490690308, 5.96
0.0005000000000000005186490690308, 5.95
0.0005000000000000005186490690308, 5.94
0.0005000000000000005186490690308, 6.05
0.0005000000000000005186490690308, 5.87
0.0005000000000000005186490690308, 5.99
0.0005000000000000005186490690308, 5.98
0.0005000000000000005186490690308, 5.97
0.0005000000000000005186490690308, 6.05
0.0005000000000000005186490690308, 6.02
0.0005000000000000005186490690308, 6.05
0.0005000000000000005186490690308, 6
0.0005000000000000005186490690308, 6
0.0005000000000000005186490690308, 5.88
0.0005000000000000005186490690308, 5.95
0.0005000000000000005186490690308, 6.07
0.0005000000000000005186490690308, 6.05
0.0005000000000000005186490690308, 6.06
0.0005000000000000005186490690308, 5.91
0.0005000000000000005186490690308, 6.01
0.0005000000000000005186490690308, 6.05
0.0005000000000000005186490690308, 6.02
0.0005000000000000005186490690308, 5.93
0.0005000000000000005186490690308, 5.89
0.0005000000000000005186490690308, 5.87
0.0005000000000000005186490690308, 5.97
0.0005000000000000005186490690308, 6.15
0.0005000000000000005186490690308, 5.9
0.0005000000000000005186490690308, 5.97
0.0005000000000000005186490690308, 6.06
0.0005000000000000005186490690308, 6.03
0.0005000000000000005186490690308, 5.94
0.0005000000000000005186490690308, 6.01
0.0005000000000000005186490690308, 6.13
0.0005000000000000005186490690308, 5.96
0.0005000000000000005186490690308, 5.98
0.0005000000000000005186490690308, 6.03
0.0005000000000000005186490690308, 6.05
0.0005000000000000005186490690308, 5.82
0.0005000000000000005186490690308, 5.84
0.0005000000000000005186490690308, 5.84
0.0005000000000000005186490690308, 5.92
0.0005000000000000005186490690308, 5.9
0.0005000000000000005186490690308, 6.05
0.0005000000000000005186490690308, 5.96
0.0005000000000000005186490690308, 5.93
0.0005000000000000005186490690308, 6.11
0.0005000000000000005186490690308, 6.06
0.0005000000000000005186490690308, 6.15
0.0005000000000000005186490690308, 6.02
0.0005000000000000005186490690308, 6
0.0005000000000000005186490690308, 6.3
0.0005000000000000005186490690308, 5.98
0.0005000000000000005186490690308, 6.04
0.0005000000000000005186490690308, 6.01
0.0005000000000000005186490690308, 5.94
0.0005000000000000005186490690308, 6
0.0005000000000000005186490690308, 5.98
0.0005000000000000005186490690308, 5.89
0.0005000000000000005186490690308, 6
0.0005000000000000005186490690308, 6.18
0.0005000000000000005186490690308, 5.98
0.0005000000000000005186490690308, 5.91
0.0005000000000000005186490690308, 6.04
0.0005000000000000005186490690308, 6.01
0.0005000000000000005186490690308, 6
0.0005000000000000005186490690308, 6
0.0005000000000000005186490690308, 5.84
0.0005000000000000005186490690308, 5.92
0.0005000000000000005186490690308, 5.99
0.0005000000000000005186490690308, 6.04
0.0005000000000000005186490690308, 5.85
0.0005000000000000005186490690308, 5.92
0.0005000000000000005186490690308, 5.96
0.0005000000000000005186490690308, 5.97
0.0005000000000000005186490690308, 5.85
0.0005000000000000005186490690308, 5.96
0.0005000000000000005186490690308, 6.14
0.0005000000000000005186490690308, 6
0.0005000000000000005186490690308, 5.97
0.0005000000000000005186490690308, 6.02
0.0005000000000000005186490690308, 6.03
0.0005000000000000005186490690308, 6
0.0005000000000000005186490690308, 5.86
0.0005000000000000005186490690308, 6.03
0.0005000000000000005186490690308, 6.04
0.0005000000000000005186490690308, 5.96
0.0005000000000000005186490690308, 5.92
0.0005000000000000005186490690308, 6.01
0.0005000000000000005186490690308, 5.96
0.0005000000000000005186490690308, 5.84
0.0005000000000000005186490690308, 5.85
0.0005000000000000005186490690308, 5.93
0.0005000000000000005186490690308, 6
0.0005000000000000005186490690308, 5.83
0.0005000000000000005186490690308, 5.93
0.0005000000000000005186490690308, 5.85
0.0005000000000000005186490690308, 5.85
0.0005000000000000005186490690308, 5.9
0.0005000000000000005186490690308, 6.02
0.0005000000000000005186490690308, 5.97
0.0005000000000000005186490690308, 5.77
0.0005000000000000005186490690308, 6.03
0.0005000000000000005186490690308, 5.98
0.0005000000000000005186490690308, 5.86
0.0005000000000000005186490690308, 5.99
0.0005000000000000005186490690308, 6.13
0.0005000000000000005186490690308, 5.99
0.0005000000000000005186490690308, 5.91
0.0005000000000000005186490690308, 5.74
0.0005000000000000005186490690308, 5.74
0.0005000000000000005186490690308, 5.96
0.0005000000000000005186490690308, 5.97
0.0005000000000000005186490690308, 6.03
0.0005000000000000005186490690308, 6.07
0.0005000000000000005186490690308, 5.8
0.0005000000000000005186490690308, 6.06
0.0005000000000000005186490690308, 5.96
0.0005000000000000005186490690308, 5.98
0.0005000000000000005186490690308, 5.96
0.0005000000000000005186490690308, 6.03
0.0005000000000000005186490690308, 6.05
0.0005000000000000005186490690308, 6.11
0.0005000000000000005186490690308, 5.83
0.0005000000000000005186490690308, 5.97
0.0005000000000000005186490690308, 5.98
0.0005000000000000005186490690308, 5.88
0.0005000000000000005186490690308, 5.99
0.0005000000000000005186490690308, 5.98
0.0005000000000000005186490690308, 6.08
0.0005000000000000005186490690308, 5.91
0.0005000000000000005186490690308, 5.97
0.0005000000000000005186490690308, 6.12
0.0005000000000000005186490690308, 6.08
0.0005000000000000005186490690308, 6.08
0.0005000000000000005186490690308, 5.98
0.0005000000000000005186490690308, 5.96
0.0005000000000000005186490690308, 6.03
0.0005000000000000005186490690308, 6.13
0.0005000000000000005186490690308, 6.03
0.0005000000000000005186490690308, 6.06
0.0005000000000000005186490690308, 5.9
0.0005000000000000005186490690308, 5.84
0.0005000000000000005186490690308, 5.97
0.0005000000000000005186490690308, 5.97
0.0005000000000000005186490690308, 5.96
0.0005000000000000005186490690308, 6.06
0.0005000000000000005186490690308, 6.05
0.0005000000000000005186490690308, 5.85
0.0005000000000000005186490690308, 6.05
0.0005000000000000005186490690308, 5.96
0.0005000000000000005186490690308, 5.92
0.0005000000000000005186490690308, 6.07
0.0005000000000000005186490690308, 6.05
0.0005000000000000005186490690308, 6.08
0.0005000000000000005186490690308, 5.92
0.0005000000000000005186490690308, 5.86
0.0005000000000000005186490690308, 6.19
0.0005000000000000005186490690308, 6.01
0.0005000000000000005186490690308, 5.9
0.0005000000000000005186490690308, 6.17
0.0005000000000000005186490690308, 5.89
0.0005000000000000005186490690308, 5.99
0.0005000000000000005186490690308, 5.91
0.0005000000000000005186490690308, 6.08
0.0005000000000000005186490690308, 6.08
0.0005000000000000005186490690308, 6.08
0.0005000000000000005186490690308, 6.06
0.0005000000000000005186490690308, 6.03
0.0005000000000000005186490690308, 6.03
0.0005000000000000005186490690308, 6.06
0.0005000000000000005186490690308, 6.04
0.0005000000000000005186490690308, 5.84
0.0005000000000000005186490690308, 6.11
0.0005000000000000005186490690308, 6.06
0.0005000000000000005186490690308, 5.95
0.0005000000000000005186490690308, 6.05
0.0005000000000000005186490690308, 5.97
0.0005000000000000005186490690308, 6.01
0.0005000000000000005186490690308, 6.06
0.0005000000000000005186490690308, 6.02
0.0005000000000000005186490690308, 5.87
0.0005000000000000005186490690308, 5.91
0.0005000000000000005186490690308, 5.95
0.0005000000000000005186490690308, 6.04
0.0005000000000000005186490690308, 6.15
0.0005000000000000005186490690308, 5.96
0.0005000000000000005186490690308, 5.96
0.0005000000000000005186490690308, 5.92
0.0005000000000000005186490690308, 5.89
0.0005000000000000005186490690308, 6.14
0.0005000000000000005186490690308, 5.94
0.0005000000000000005186490690308, 5.95
0.0005000000000000005186490690308, 5.99
0.0005000000000000005186490690308, 5.96
0.0005000000000000005186490690308, 6.14
0.0005000000000000005186490690308, 6.03
0.0005000000000000005186490690308, 5.9
0.0005000000000000005186490690308, 5.97
0.0005000000000000005186490690308, 5.97
0.0005000000000000005186490690308, 6.06
0.0005000000000000005186490690308, 5.91
0.0005000000000000005186490690308, 6.06
0.0005000000000000005186490690308, 6.05
0.0005000000000000005186490690308, 6.02
0.0005000000000000005186490690308, 6.03
0.0005000000000000005186490690308, 5.92
0.0005000000000000005186490690308, 5.99
0.0005000000000000005186490690308, 5.87
0.0005000000000000005186490690308, 6.13
0.0005000000000000005186490690308, 6.07
0.0005000000000000005186490690308, 5.96
0.0005000000000000005186490690308, 6.15
0.0005000000000000005186490690308, 5.96
0.0005000000000000005186490690308, 6.05
0.0005000000000000005186490690308, 6.1
0.0005000000000000005186490690308, 6.03
0.0005000000000000005186490690308, 6.04
0.0005000000000000005186490690308, 6.12
0.0005000000000000005186490690308, 6.03
0.0005000000000000005186490690308, 5.77
0.0005000000000000005186490690308, 6.02
0.0005000000000000005186490690308, 6.01
0.0005000000000000005186490690308, 5.83
0.0005000000000000005186490690308, 5.94
0.0005000000000000005186490690308, 6.08
0.0005000000000000005186490690308, 6.01
0.0005000000000000005186490690308, 6.12
0.0005000000000000005186490690308, 6.07
0.0005000000000000005186490690308, 5.93
0.0005000000000000005186490690308, 6.05
0.0005000000000000005186490690308, 6.08
0.0005000000000000005186490690308, 5.89
0.0005000000000000005186490690308, 5.93
0.0005000000000000005186490690308, 6.1
0.0005000000000000005186490690308, 5.92
0.0005000000000000005186490690308, 6.14
0.0005000000000000005186490690308, 6.1
0.0005000000000000005186490690308, 5.9
0.0005000000000000005186490690308, 6.04
0.0005000000000000005186490690308, 5.99
0.0005000000000000005186490690308, 6.05
0.0005000000000000005186490690308, 6.05
0.0005000000000000005186490690308, 5.9
0.0005000000000000005186490690308, 5.97
0.0005000000000000005186490690308, 5.74
0.0005000000000000005186490690308, 6.02
0.0005000000000000005186490690308, 6.04
0.0005000000000000005186490690308, 6.05
0.0005000000000000005186490690308, 6.03
0.0005000000000000005186490690308, 6.09
0.0005000000000000005186490690308, 5.95
0.0005000000000000005186490690308, 5.94
0.0005000000000000005186490690308, 6.09
0.0005000000000000005186490690308, 6.13
0.0005000000000000005186490690308, 6.03
0.0005000000000000005186490690308, 6.04
0.0005000000000000005186490690308, 5.93
0.0005000000000000005186490690308, 6
0.0005000000000000005186490690308, 5.92
0.0005000000000000005186490690308, 6.13
0.0005000000000000005186490690308, 6.01
0.0005000000000000005186490690308, 5.86
0.0005000000000000005186490690308, 6.05
0.0005000000000000005186490690308, 5.96
0.0005000000000000005186490690308, 5.94
0.0005000000000000005186490690308, 6.04
0.0005000000000000005186490690308, 6.03
0.0005000000000000005186490690308, 6.05
0.0005000000000000005186490690308, 6.03
0.0005000000000000005186490690308, 5.97
0.0005000000000000005186490690308, 6
0.0005000000000000005186490690308, 5.97
0.0005000000000000005186490690308, 6.14
0.0005000000000000005186490690308, 6.08
0.0005000000000000005186490690308, 5.74
0.0005000000000000005186490690308, 5.92
0.0005000000000000005186490690308, 6.1
0.0005000000000000005186490690308, 5.98
0.0005000000000000005186490690308, 6.12
0.0005000000000000005186490690308, 6
0.0005000000000000005186490690308, 5.9
0.0005000000000000005186490690308, 6.05
0.0005000000000000005186490690308, 6.08
0.0005000000000000005186490690308, 5.94
0.0005000000000000005186490690308, 5.96
0.0005000000000000005186490690308, 5.92
0.0005000000000000005186490690308, 5.98
0.0005000000000000005186490690308, 6.02
0.0005000000000000005186490690308, 6
0.0005000000000000005186490690308, 6
0.0005000000000000005186490690308, 5.9
0.0005000000000000005186490690308, 6.09
0.0005000000000000005186490690308, 6.06
0.0005000000000000005186490690308, 6.14
0.0005000000000000005186490690308, 6.06
0.0005000000000000005186490690308, 5.91
0.0005000000000000005186490690308, 6.13
0.0005000000000000005186490690308, 5.91
0.0005000000000000005186490690308, 6.02
0.0005000000000000005186490690308, 5.93
0.0005000000000000005186490690308, 5.97
0.0005000000000000005186490690308, 6.06
0.0005000000000000005186490690308, 6.12
0.0005000000000000005186490690308, 6.05
0.0005000000000000005186490690308, 6.15
0.0005000000000000005186490690308, 6
0.0005000000000000005186490690308, 5.85
0.0005000000000000005186490690308, 5.99
0.0005000000000000005186490690308, 6.13
0.0005000000000000005186490690308, 6.07
0.0005000000000000005186490690308, 5.93
0.0005000000000000005186490690308, 6.02
0.0005000000000000005186490690308, 5.91
0.0005000000000000005186490690308, 6.03
0.0005000000000000005186490690308, 6.11
0.0005000000000000005186490690308, 6.08
0.0005000000000000005186490690308, 5.97
0.0005000000000000005186490690308, 5.95
0.0005000000000000005186490690308, 5.97
0.0005000000000000005186490690308, 6.09
0.0005000000000000005186490690308, 5.88
0.0005000000000000005186490690308, 5.85
0.0005000000000000005186490690308, 6.04
0.0005000000000000005186490690308, 6.04
0.0005000000000000005186490690308, 5.91
0.0005000000000000005186490690308, 5.75
0.0005000000000000005186490690308, 6.09
0.0005000000000000005186490690308, 5.98
0.0005000000000000005186490690308, 6.1
0.0005000000000000005186490690308, 5.95
0.0005000000000000005186490690308, 6.07
0.0005000000000000005186490690308, 6.1
0.0005000000000000005186490690308, 5.92
0.0005000000000000005186490690308, 6.07
0.0005000000000000005186490690308, 6.03
0.0005000000000000005186490690308, 5.89
0.0005000000000000005186490690308, 6.05
0.0005000000000000005186490690308, 5.92
0.0005000000000000005186490690308, 6.05
0.0005000000000000005186490690308, 5.92
0.0005000000000000005186490690308, 6.12
0.0005000000000000005186490690308, 6.04
0.0005000000000000005186490690308, 5.86
0.0005000000000000005186490690308, 5.97
0.0005000000000000005186490690308, 5.98
0.0005000000000000005186490690308, 6.1
0.0005000000000000005186490690308, 6.06
0.0005000000000000005186490690308, 6.06
0.0005000000000000005186490690308, 5.97
0.0005000000000000005186490690308, 5.95
0.0005000000000000005186490690308, 5.99
0.0005000000000000005186490690308, 6.16
0.0005000000000000005186490690308, 5.85
0.0005000000000000005186490690308, 6.03
0.0005000000000000005186490690308, 5.98
0.0005000000000000005186490690308, 5.96
0.0005000000000000005186490690308, 5.98
0.0005000000000000005186490690308, 6.11
0.0005000000000000005186490690308, 6.04
0.0005000000000000005186490690308, 6.06
0.0005000000000000005186490690308, 5.95
0.0005000000000000005186490690308, 6.06
0.0005000000000000005186490690308, 6
0.0005000000000000005186490690308, 5.96
0.0005000000000000005186490690308, 5.92
0.0005000000000000005186490690308, 6.08
0.0005000000000000005186490690308, 5.93
0.0005000000000000005186490690308, 6.01
0.0005000000000000005186490690308, 6.07
0.0005000000000000005186490690308, 6.05
0.0005000000000000005186490690308, 5.99
0.0005000000000000005186490690308, 5.93
0.0005000000000000005186490690308, 6.04
0.0005000000000000005186490690308, 5.83
0.0005000000000000005186490690308, 6.05
0.0005000000000000005186490690308, 5.87
0.0005000000000000005186490690308, 5.97
0.0005000000000000005186490690308, 6.05
0.0005000000000000005186490690308, 6.01
0.0005000000000000005186490690308, 6.17
